[
    {
        "code": "CS101",
        "name": "Introduction to Computer Science",
        "instructor": "Dr. Smith",
        "semester": "Fall 2024",
        "schedule": "Mon, Wed, Fri 10:00-11:00 AM",
        "classroom": "Room 101",
        "prerequisites": "None",
        "grading": "Midterm 30%, Final 50%, Homework 20%",
        "description": "An introduction to the basics of computer science."
    },
    {
        "code": "CS 203",
        "name": "Software and Tools for AI",
        "instructor": "Prof. Mayank Singh",
        "semester": "Fall 2025",
        "schedule": "Mon, Wed, Fri 10:00-11:00 AM",
        "classroom": "AB 7/109",
        "prerequisites": "Basic Python, Linux",
        "grading": "50% Assignment, 50% Quiz",
        "description": ""
    },
    {
        "code": "ME 207",
        "name": "Fluid Dynamics",
        "instructor": "Prof. Dilip",
        "semester": "Spring 2025",
        "schedule": "Mon 2:00pm, Thru 10:30am",
        "classroom": "Ab 1/101",
        "prerequisites": "None",
        "grading": "50% Exam, 50% Assignment",
        "description": "None"
    }
]